name,entorpy
R_1_E_0_S_9_B_79.pt,1.4605326167708115
R_1_E_0_S_9_B_95.pt,0.3527498756630517
R_1_E_0_S_9_B_78.pt,1.4154965743819006
R_1_E_0_S_9_B_8.pt,0.07563803314114449
R_1_E_0_S_9_B_91.pt,0.8405946655164637
